-- CATEGORIES

INSERT INTO public.category (id, name, description, color) VALUES (1, 'Groceries', 'the food and other items that you buy in a food store or supermarket', '#009432');
INSERT INTO public.category (id, name, description, color) VALUES (2, 'Caffee and restaurants', null, '#EE5A24');
INSERT INTO public.category (id, name, description, color) VALUES (3, 'Transportation', null, '#0652DD');
INSERT INTO public.category (id, name, description, color) VALUES (4, 'Gadgets', null, '#C4E538');
INSERT INTO public.category (id, name, description, color) VALUES (5, 'Health', null, '#009432');
INSERT INTO public.category (id, name, description, color) VALUES (6, 'Travels', null, '#D980FA');
INSERT INTO public.category (id, name, description, color) VALUES (7, 'Accommodation', null, '#6F1E51');
INSERT INTO public.category (id, name, description, color) VALUES (8, 'Other stuff', null, '#1B1464');
INSERT INTO public.category (id, name, description, color) VALUES (9, 'Entertainment', null, '#EA2027');
INSERT INTO public.category (id, name, description, color) VALUES (10, 'Clothes', null, '#A3CB38');

-- SUB CATEGORIES

INSERT INTO public.sub_category (id, name, description, color, period, category_fk) VALUES (1, 'Bakery', null, null, 'daily', 2);
INSERT INTO public.sub_category (id, name, description, color, period, category_fk) VALUES (3, 'Bakery', null, null, 'daily', 1);
INSERT INTO public.sub_category (id, name, description, color, period, category_fk) VALUES (4, 'Beverage', null, null, 'daily', 1);
INSERT INTO public.sub_category (id, name, description, color, period, category_fk) VALUES (5, 'Breakfast', null, null, 'daily', 1);
INSERT INTO public.sub_category (id, name, description, color, period, category_fk) VALUES (6, 'Coffee', null, null, 'daily', 2);
INSERT INTO public.sub_category (id, name, description, color, period, category_fk) VALUES (7, 'Dessert', null, null, 'daily', 2);
INSERT INTO public.sub_category (id, name, description, color, period, category_fk) VALUES (8, 'Dinner', null, null, 'daily', 2);
INSERT INTO public.sub_category (id, name, description, color, period, category_fk) VALUES (9, 'Fast food', null, null, 'daily', 2);
INSERT INTO public.sub_category (id, name, description, color, period, category_fk) VALUES (10, 'Fruit', null, null, 'daily', 1);
INSERT INTO public.sub_category (id, name, description, color, period, category_fk) VALUES (11, 'Groceries', null, null, 'daily', 1);
INSERT INTO public.sub_category (id, name, description, color, period, category_fk) VALUES (12, 'Public transport', null, null, 'daily', 3);
INSERT INTO public.sub_category (id, name, description, color, period, category_fk) VALUES (13, 'Smoking', null, null, 'daily', 1);
INSERT INTO public.sub_category (id, name, description, color, period, category_fk) VALUES (14, 'Snacks', null, null, 'daily', 1);
INSERT INTO public.sub_category (id, name, description, color, period, category_fk) VALUES (15, 'Sweets', null, null, 'daily', 1);
INSERT INTO public.sub_category (id, name, description, color, period, category_fk) VALUES (16, 'Vegs', null, null, 'daily', 1);
INSERT INTO public.sub_category (id, name, description, color, period, category_fk) VALUES (17, 'Accessories', null, null, 'monthly', 4);
INSERT INTO public.sub_category (id, name, description, color, period, category_fk) VALUES (18, 'doctor', null, null, 'monthly', 5);
INSERT INTO public.sub_category (id, name, description, color, period, category_fk) VALUES (19, 'Drugs', null, null, 'monthly', 5);
INSERT INTO public.sub_category (id, name, description, color, period, category_fk) VALUES (20, 'Drugs', null, null, 'half_yearly', 5);
INSERT INTO public.sub_category (id, name, description, color, period, category_fk) VALUES (21, 'Hotels', null, null, 'half_yearly', 6);
INSERT INTO public.sub_category (id, name, description, color, period, category_fk) VALUES (22, 'Tools', null, null, 'half_yearly', 7);
INSERT INTO public.sub_category (id, name, description, color, period, category_fk) VALUES (23, 'Other stuff', null, null, 'half_yearly', 8);
INSERT INTO public.sub_category (id, name, description, color, period, category_fk) VALUES (24, 'Alcohol', null, null, 'monthly', 2);
INSERT INTO public.sub_category (id, name, description, color, period, category_fk) VALUES (25, 'Appearance ', null, null, 'monthly', 8);
INSERT INTO public.sub_category (id, name, description, color, period, category_fk) VALUES (26, 'Books', null, null, 'monthly', 9);
INSERT INTO public.sub_category (id, name, description, color, period, category_fk) VALUES (27, 'Cinema', null, null, 'monthly', 9);
INSERT INTO public.sub_category (id, name, description, color, period, category_fk) VALUES (28, 'Clothes', null, null, 'monthly', 10);
INSERT INTO public.sub_category (id, name, description, color, period, category_fk) VALUES (29, 'Games', null, null, 'monthly', 9);
INSERT INTO public.sub_category (id, name, description, color, period, category_fk) VALUES (30, 'personal health', null, null, 'monthly', 5);
INSERT INTO public.sub_category (id, name, description, color, period, category_fk) VALUES (31, 'Rent', null, null, 'monthly', 7);
INSERT INTO public.sub_category (id, name, description, color, period, category_fk) VALUES (32, 'sport health', null, null, 'monthly', 5);
INSERT INTO public.sub_category (id, name, description, color, period, category_fk) VALUES (33, 'Travels', null, null, 'monthly', 6);
INSERT INTO public.sub_category (id, name, description, color, period, category_fk) VALUES (34, 'Other stuff', null, null, 'monthly', 8);
INSERT INTO public.sub_category (id, name, description, color, period, category_fk) VALUES (35, 'Apps', null, null, 'weekly', 9);
INSERT INTO public.sub_category (id, name, description, color, period, category_fk) VALUES (36, 'Taxi', null, null, 'weekly', 3);
INSERT INTO public.sub_category (id, name, description, color, period, category_fk) VALUES (37, 'Active', null, null, 'yearly', 9);
INSERT INTO public.sub_category (id, name, description, color, period, category_fk) VALUES (38, 'Household appliances', null, null, 'yearly', 4);

-- ITEMS

INSERT INTO public.item (id, price, amount, name, date, sub_category_fk, description, user_fk) VALUES (1, 3.7, 1, 'Bakery', '2019-11-16 00:00:00.000000', 1, null, 1);
INSERT INTO public.item (id, price, amount, name, date, sub_category_fk, description, user_fk) VALUES (2, 0.8, 1, 'Pizza with salami', '2019-11-02 00:00:00.000000', 1, null, 1);
INSERT INTO public.item (id, price, amount, name, date, sub_category_fk, description, user_fk) VALUES (3, 0.7, 1, 'Bread', '2019-11-08 00:00:00.000000', 1, null, 1);
INSERT INTO public.item (id, price, amount, name, date, sub_category_fk, description, user_fk) VALUES (4, 3.5, 1, 'Sandwich with cheese', '2019-11-12 00:00:00.000000', 3, null, 1);
INSERT INTO public.item (id, price, amount, name, date, sub_category_fk, description, user_fk) VALUES (5, 0.7, 1, 'Sandwich', '2019-11-12 00:00:00.000000', 3, null, 1);
INSERT INTO public.item (id, price, amount, name, date, sub_category_fk, description, user_fk) VALUES (6, 3, 1, 'Lviv Croisants', '2019-10-16 00:00:00.000000', 3, null, 1);
INSERT INTO public.item (id, price, amount, name, date, sub_category_fk, description, user_fk) VALUES (7, 0.8, 2, 'Buns', '2019-10-13 00:00:00.000000', 3, null, 1);
INSERT INTO public.item (id, price, amount, name, date, sub_category_fk, description, user_fk) VALUES (8, 2, 0, 'Juice', '2019-11-03 00:00:00.000000', 4, null, 1);
INSERT INTO public.item (id, price, amount, name, date, sub_category_fk, description, user_fk) VALUES (9, 1.8, 1, 'Milk', '2019-11-03 00:00:00.000000', 4, null, 1);
INSERT INTO public.item (id, price, amount, name, date, sub_category_fk, description, user_fk) VALUES (10, 0.6, 20, 'Water delivery', '2019-11-07 00:00:00.000000', 4, null, 1);
INSERT INTO public.item (id, price, amount, name, date, sub_category_fk, description, user_fk) VALUES (11, 1.3, 1, 'Milk', '2019-11-05 00:00:00.000000', 4, null, 1);
INSERT INTO public.item (id, price, amount, name, date, sub_category_fk, description, user_fk) VALUES (12, 0.9, 1, 'Soda water', '2019-11-05 00:00:00.000000', 4, null, 1);
INSERT INTO public.item (id, price, amount, name, date, sub_category_fk, description, user_fk) VALUES (13, 7, 0, 'Musli', '2019-11-05 00:00:00.000000', 5, null, 1);
INSERT INTO public.item (id, price, amount, name, date, sub_category_fk, description, user_fk) VALUES (14, 1, 2, 'Coffee', '2019-11-16 00:00:00.000000', 6, null, 1);
INSERT INTO public.item (id, price, amount, name, date, sub_category_fk, description, user_fk) VALUES (15, 1.5, 1, 'Latte', '2019-11-15 00:00:00.000000', 6, null, 1);
INSERT INTO public.item (id, price, amount, name, date, sub_category_fk, description, user_fk) VALUES (16, 1.1, 1, 'Cappuccino ', '2019-11-14 00:00:00.000000', 6, null, 1);
INSERT INTO public.item (id, price, amount, name, date, sub_category_fk, description, user_fk) VALUES (17, 1.4, 1, 'Latte', '2019-11-15 00:00:00.000000', 6, null, 1);
INSERT INTO public.item (id, price, amount, name, date, sub_category_fk, description, user_fk) VALUES (18, 1.3, 1, 'Coffee', '2019-11-12 00:00:00.000000', 6, null, 1);
INSERT INTO public.item (id, price, amount, name, date, sub_category_fk, description, user_fk) VALUES (19, 1.2, 1, 'Cappuccino ', '2019-11-12 00:00:00.000000', 6, null, 1);
INSERT INTO public.item (id, price, amount, name, date, sub_category_fk, description, user_fk) VALUES (20, 1.9, 1, 'Cappucino coffee', '2019-11-14 00:00:00.000000', 6, null, 1);
INSERT INTO public.item (id, price, amount, name, date, sub_category_fk, description, user_fk) VALUES (21, 1.5, 1, 'Espresso coffee', '2019-11-10 00:00:00.000000', 6, null, 1);
INSERT INTO public.item (id, price, amount, name, date, sub_category_fk, description, user_fk) VALUES (22, 0.9, 1, 'Latte Small', '2019-11-09 00:00:00.000000', 6, null, 1);
INSERT INTO public.item (id, price, amount, name, date, sub_category_fk, description, user_fk) VALUES (23, 1.5, 1, 'Brauni', '2019-11-09 00:00:00.000000', 7, null, 1);
INSERT INTO public.item (id, price, amount, name, date, sub_category_fk, description, user_fk) VALUES (24, 2.5, 2, 'Croissant ', '2019-11-02 00:00:00.000000', 7, null, 1);
INSERT INTO public.item (id, price, amount, name, date, sub_category_fk, description, user_fk) VALUES (25, 30, 1, 'Bakery', '2019-11-01 00:00:00.000000', 7, null, 1);
INSERT INTO public.item (id, price, amount, name, date, sub_category_fk, description, user_fk) VALUES (26, 6, 1, 'Salad', '2019-11-15 00:00:00.000000', 8, null, 1);
INSERT INTO public.item (id, price, amount, name, date, sub_category_fk, description, user_fk) VALUES (27, 8, 1, 'Puzata Hata', '2019-11-12 00:00:00.000000', 8, null, 1);
INSERT INTO public.item (id, price, amount, name, date, sub_category_fk, description, user_fk) VALUES (28, 1, 2, 'Bowl with teriaki sause', '2019-11-03 00:00:00.000000', 8, null, 1);
INSERT INTO public.item (id, price, amount, name, date, sub_category_fk, description, user_fk) VALUES (29, 4.5, 1, 'Dinner', '2019-10-31 00:00:00.000000', 8, null, 1);
INSERT INTO public.item (id, price, amount, name, date, sub_category_fk, description, user_fk) VALUES (30, 14, 1, 'Food delivery', '2019-10-31 00:00:00.000000', 8, null, 1);
INSERT INTO public.item (id, price, amount, name, date, sub_category_fk, description, user_fk) VALUES (31, 17, 1, 'Food delivery', '2019-11-14 00:00:00.000000', 8, null, 1);
INSERT INTO public.item (id, price, amount, name, date, sub_category_fk, description, user_fk) VALUES (32, 7, 1, 'Ramen soup', '2019-11-02 00:00:00.000000', 8, null, 1);
INSERT INTO public.item (id, price, amount, name, date, sub_category_fk, description, user_fk) VALUES (33, 1.5, 1, 'Soup', '2019-11-01 00:00:00.000000', 8, null, 1);
INSERT INTO public.item (id, price, amount, name, date, sub_category_fk, description, user_fk) VALUES (34, 10, 1, 'Glovo Food devivery', '2019-11-15 00:00:00.000000', 8, null, 1);
INSERT INTO public.item (id, price, amount, name, date, sub_category_fk, description, user_fk) VALUES (35, 13, 1, 'Pizza', '2019-11-15 00:00:00.000000', 9, null, 1);
INSERT INTO public.item (id, price, amount, name, date, sub_category_fk, description, user_fk) VALUES (36, 25, 1, 'Sushi', '2019-11-12 00:00:00.000000', 9, null, 1);
INSERT INTO public.item (id, price, amount, name, date, sub_category_fk, description, user_fk) VALUES (37, 1.2, 3, 'Double cheeseburger McD', '2019-11-12 00:00:00.000000', 9, null, 1);
INSERT INTO public.item (id, price, amount, name, date, sub_category_fk, description, user_fk) VALUES (38, 4, 1, 'Momo', '2019-10-16 00:00:00.000000', 9, null, 1);
INSERT INTO public.item (id, price, amount, name, date, sub_category_fk, description, user_fk) VALUES (39, 10, 2, 'Chicken wings bucket', '2019-10-13 00:00:00.000000', 9, null, 1);
INSERT INTO public.item (id, price, amount, name, date, sub_category_fk, description, user_fk) VALUES (40, 13, 1, 'Cheeze pizza', '2019-11-14 00:00:00.000000', 9, null, 1);
INSERT INTO public.item (id, price, amount, name, date, sub_category_fk, description, user_fk) VALUES (41, 2.5, 1, 'French fries', '2019-11-15 00:00:00.000000', 9, null, 1);
INSERT INTO public.item (id, price, amount, name, date, sub_category_fk, description, user_fk) VALUES (42, 1, 1, 'Apples', '2019-11-12 00:00:00.000000', 10, null, 1);
INSERT INTO public.item (id, price, amount, name, date, sub_category_fk, description, user_fk) VALUES (43, 1, 2, 'Coconut', '2019-11-12 00:00:00.000000', 10, null, 1);
INSERT INTO public.item (id, price, amount, name, date, sub_category_fk, description, user_fk) VALUES (44, 1, 1, 'Pineapple', '2019-11-14 00:00:00.000000', 10, null, 1);
INSERT INTO public.item (id, price, amount, name, date, sub_category_fk, description, user_fk) VALUES (45, 0.1, 15, 'Eggs', '2019-11-02 00:00:00.000000', 11, null, 1);
INSERT INTO public.item (id, price, amount, name, date, sub_category_fk, description, user_fk) VALUES (46, 3, 1, 'Groceries', '2019-11-01 00:00:00.000000', 11, null, 1);
INSERT INTO public.item (id, price, amount, name, date, sub_category_fk, description, user_fk) VALUES (47, 0.5, 1, 'Groceries', '2019-11-12 00:00:00.000000', 11, null, 1);
INSERT INTO public.item (id, price, amount, name, date, sub_category_fk, description, user_fk) VALUES (48, 1.7, 1, 'Butter', '2019-11-14 00:00:00.000000', 11, null, 1);
INSERT INTO public.item (id, price, amount, name, date, sub_category_fk, description, user_fk) VALUES (49, 7, 1, '46 travels card', '2019-10-11 00:00:00.000000', 12, null, 1);
INSERT INTO public.item (id, price, amount, name, date, sub_category_fk, description, user_fk) VALUES (50, 10, 1, '60 travels card', '2019-06-12 00:00:00.000000', 12, null, 1);
INSERT INTO public.item (id, price, amount, name, date, sub_category_fk, description, user_fk) VALUES (51, 0.4, 1, 'Ride in metro', '2019-04-19 00:00:00.000000', 12, null, 1);
INSERT INTO public.item (id, price, amount, name, date, sub_category_fk, description, user_fk) VALUES (52, 1, 2, 'Bus ticket ', '2019-11-14 00:00:00.000000', 12, null, 1);
INSERT INTO public.item (id, price, amount, name, date, sub_category_fk, description, user_fk) VALUES (53, 5, 1, 'Cigarettes', '2019-11-12 00:00:00.000000', 13, null, 1);
INSERT INTO public.item (id, price, amount, name, date, sub_category_fk, description, user_fk) VALUES (54, 2, 2, 'Chips', '2019-11-05 00:00:00.000000', 14, null, 1);
INSERT INTO public.item (id, price, amount, name, date, sub_category_fk, description, user_fk) VALUES (55, 1.5, 1, 'Chips', '2019-11-05 00:00:00.000000', 14, null, 1);
INSERT INTO public.item (id, price, amount, name, date, sub_category_fk, description, user_fk) VALUES (56, 1.4, 2, 'Chocolate plate', '2019-11-05 00:00:00.000000', 15, null, 1);
INSERT INTO public.item (id, price, amount, name, date, sub_category_fk, description, user_fk) VALUES (57, 5, 2, 'Frozen vegetables', '2019-10-25 00:00:00.000000', 16, null, 1);
INSERT INTO public.item (id, price, amount, name, date, sub_category_fk, description, user_fk) VALUES (58, 15, 1, 'Wire for phone', '2019-06-12 00:00:00.000000', 17, null, 1);
INSERT INTO public.item (id, price, amount, name, date, sub_category_fk, description, user_fk) VALUES (59, 60, 1, 'Headphones', '2019-04-19 00:00:00.000000', 17, null, 1);
INSERT INTO public.item (id, price, amount, name, date, sub_category_fk, description, user_fk) VALUES (60, 450, 1, 'Watch', '2019-08-08 00:00:00.000000', 17, null, 1);
INSERT INTO public.item (id, price, amount, name, date, sub_category_fk, description, user_fk) VALUES (61, 70, 1, 'Dentist', '2019-11-15 00:00:00.000000', 18, null, 1);
INSERT INTO public.item (id, price, amount, name, date, sub_category_fk, description, user_fk) VALUES (62, 20, 1, 'Doctor consulting ', '2019-11-14 00:00:00.000000', 18, null, 1);
INSERT INTO public.item (id, price, amount, name, date, sub_category_fk, description, user_fk) VALUES (63, 10, 1, 'Nurofen', '2019-11-02 00:00:00.000000', 19, null, 1);
INSERT INTO public.item (id, price, amount, name, date, sub_category_fk, description, user_fk) VALUES (64, 7, 1, 'Bifren', '2019-11-01 00:00:00.000000', 20, null, 1);
INSERT INTO public.item (id, price, amount, name, date, sub_category_fk, description, user_fk) VALUES (65, 100, 1, 'Hotel room rental', '2019-11-01 00:00:00.000000', 21, null, 1);
INSERT INTO public.item (id, price, amount, name, date, sub_category_fk, description, user_fk) VALUES (66, 3.5, 10, 'Ligth LED bulbs', '2019-11-12 00:00:00.000000', 22, null, 1);
INSERT INTO public.item (id, price, amount, name, date, sub_category_fk, description, user_fk) VALUES (67, 15, 1, 'Ceramic Cup from Star-bucks ', '2019-10-24 00:00:00.000000', 23, null, 1);
INSERT INTO public.item (id, price, amount, name, date, sub_category_fk, description, user_fk) VALUES (68, 5, 2, 'Beer', '2019-11-15 00:00:00.000000', 24, null, 1);
INSERT INTO public.item (id, price, amount, name, date, sub_category_fk, description, user_fk) VALUES (69, 15, 1, 'Whiskey ', '2019-11-15 00:00:00.000000', 24, null, 1);
INSERT INTO public.item (id, price, amount, name, date, sub_category_fk, description, user_fk) VALUES (70, 13, 1, 'Haircut', '2019-11-10 00:00:00.000000', 25, null, 1);
INSERT INTO public.item (id, price, amount, name, date, sub_category_fk, description, user_fk) VALUES (71, 25, 1, 'Book "Learn c++ in a week"', '2019-02-01 00:00:00.000000', 26, null, 1);
INSERT INTO public.item (id, price, amount, name, date, sub_category_fk, description, user_fk) VALUES (72, 7, 3, 'Cinema Ticket', '2019-11-01 00:00:00.000000', 27, null, 1);
INSERT INTO public.item (id, price, amount, name, date, sub_category_fk, description, user_fk) VALUES (73, 25, 1, 'Theatre ticket', '2019-09-09 00:00:00.000000', 27, null, 1);
INSERT INTO public.item (id, price, amount, name, date, sub_category_fk, description, user_fk) VALUES (74, 2.5, 1, 'Cinema visit', '2019-10-29 00:00:00.000000', 27, null, 1);
INSERT INTO public.item (id, price, amount, name, date, sub_category_fk, description, user_fk) VALUES (75, 16, 2, 'T-shirt', '2019-10-31 00:00:00.000000', 28, null, 1);
INSERT INTO public.item (id, price, amount, name, date, sub_category_fk, description, user_fk) VALUES (76, 24, 1, 'Jeans', '2019-10-31 00:00:00.000000', 28, null, 1);
INSERT INTO public.item (id, price, amount, name, date, sub_category_fk, description, user_fk) VALUES (77, 40, 1, 'Backpack', '2019-11-14 00:00:00.000000', 28, null, 1);
INSERT INTO public.item (id, price, amount, name, date, sub_category_fk, description, user_fk) VALUES (78, 150, 1, 'Boots', '2019-10-25 00:00:00.000000', 28, null, 1);
INSERT INTO public.item (id, price, amount, name, date, sub_category_fk, description, user_fk) VALUES (79, 70, 1, 'Coat', '2019-10-24 00:00:00.000000', 28, null, 1);
INSERT INTO public.item (id, price, amount, name, date, sub_category_fk, description, user_fk) VALUES (80, 2, 3, 'Socks', '2019-10-24 00:00:00.000000', 28, null, 1);
INSERT INTO public.item (id, price, amount, name, date, sub_category_fk, description, user_fk) VALUES (81, 14, 1, 'Hoodie', '2019-09-21 00:00:00.000000', 28, null, 1);
INSERT INTO public.item (id, price, amount, name, date, sub_category_fk, description, user_fk) VALUES (82, 50, 1, 'Mortal Combat 12', '2019-11-10 00:00:00.000000', 29, null, 1);
INSERT INTO public.item (id, price, amount, name, date, sub_category_fk, description, user_fk) VALUES (83, 13, 1, 'Dota 2 Skin', '2019-11-09 00:00:00.000000', 29, null, 1);
INSERT INTO public.item (id, price, amount, name, date, sub_category_fk, description, user_fk) VALUES (84, 4.5, 1, 'Tooth Brush', '2019-04-19 00:00:00.000000', 30, null, 1);
INSERT INTO public.item (id, price, amount, name, date, sub_category_fk, description, user_fk) VALUES (85, 15, 1, 'Cosmetics', '2019-08-08 00:00:00.000000', 30, null, 1);
INSERT INTO public.item (id, price, amount, name, date, sub_category_fk, description, user_fk) VALUES (86, 400, 1, 'Insurance ', '2019-10-20 00:00:00.000000', 30, null, 1);
INSERT INTO public.item (id, price, amount, name, date, sub_category_fk, description, user_fk) VALUES (87, 400, 1, 'Rental Accommodation', '2019-11-15 00:00:00.000000', 31, null, 1);
INSERT INTO public.item (id, price, amount, name, date, sub_category_fk, description, user_fk) VALUES (88, 35, 1, 'Protein jar', '2019-02-01 00:00:00.000000', 32, null, 1);
INSERT INTO public.item (id, price, amount, name, date, sub_category_fk, description, user_fk) VALUES (89, 30, 1, 'Tickets to Krakow', '2019-11-12 00:00:00.000000', 33, null, 1);
INSERT INTO public.item (id, price, amount, name, date, sub_category_fk, description, user_fk) VALUES (90, 30, 1, 'Tickets to Kyiv', '2019-10-16 00:00:00.000000', 33, null, 1);
INSERT INTO public.item (id, price, amount, name, date, sub_category_fk, description, user_fk) VALUES (91, 0.35, 3, 'Pen', '2019-10-25 00:00:00.000000', 34, null, 1);
INSERT INTO public.item (id, price, amount, name, date, sub_category_fk, description, user_fk) VALUES (92, 1.4, 1, 'App Store', '2019-11-01 00:00:00.000000', 35, null, 1);
INSERT INTO public.item (id, price, amount, name, date, sub_category_fk, description, user_fk) VALUES (93, 4, 1, 'Youtube Premium Subscription', '2019-11-01 00:00:00.000000', 35, null, 1);
INSERT INTO public.item (id, price, amount, name, date, sub_category_fk, description, user_fk) VALUES (94, 10, 1, 'Netflix subscription', '2019-11-01 00:00:00.000000', 35, null, 1);
INSERT INTO public.item (id, price, amount, name, date, sub_category_fk, description, user_fk) VALUES (95, 1.5, 1, 'Uber ride', '2019-11-01 00:00:00.000000', 36, null, 1);
INSERT INTO public.item (id, price, amount, name, date, sub_category_fk, description, user_fk) VALUES (96, 5.5, 1, 'Uklon taxi drive', '2019-09-09 00:00:00.000000', 36, null, 1);
INSERT INTO public.item (id, price, amount, name, date, sub_category_fk, description, user_fk) VALUES (97, 4, 1, 'Taxi', '2019-11-08 00:00:00.000000', 36, null, 1);
INSERT INTO public.item (id, price, amount, name, date, sub_category_fk, description, user_fk) VALUES (98, 5, 2, 'Rollercoaster', '2019-10-20 00:00:00.000000', 37, null, 1);
INSERT INTO public.item (id, price, amount, name, date, sub_category_fk, description, user_fk) VALUES (99, 40, 1, 'bungee jumping', '2019-10-11 00:00:00.000000', 37, null, 1);
INSERT INTO public.item (id, price, amount, name, date, sub_category_fk, description, user_fk) VALUES (100, 30, 1, 'Body Weighter ', '2019-11-15 00:00:00.000000', 38, null, 1);
INSERT INTO public.item (id, price, amount, name, date, sub_category_fk, description, user_fk) VALUES (101, 175, 1, 'Toaster with AI', '2019-09-17 00:00:00.000000', 38, null, 1);
